{
    "version": 1,
    "disable_existing_loggers": false,
    "formatters": {
        "simple": {
            "format": "%(asctime)s - %(filename)s - %(levelname)s - %(message)s"
        }
    },

    "handlers": {
        "console": {
            "class": "logging.StreamHandler",
            "level": "DEBUG",
            "formatter": "simple",
            "stream": "ext://sys.stdout"
        },

        "info_file_handler": {
            "class": "logging.handlers.RotatingFileHandler",
            "level": "INFO",
            "formatter": "simple",
            "filename": "log/info.log",
            "maxBytes": "10485760",
            "backupCount": "20",
            "encoding": "utf8"
        },

        "error_file_handler": {
            "class": "logging.handlers.RotatingFileHandler",
            "level": "ERROR",
            "formatter": "simple",
            "filename": "log/errors.log",
            "maxBytes": "10485760",
            "backupCount": "20",
            "encoding": "utf8"
        },
        
        "log_file_handler": {
            "class": "logging.handlers.RotatingFileHandler",
            "level": "DEBUG",
            "formatter": "simple",
            "filename": "log/log.log",
            "maxBytes": "10485760",
            "backupCount": "20",
            "encoding": "utf8"
        }
    },

    "loggers": {
        "default": {
        	"level": "DEBUG",
            "handlers": ["console"],
            "propagate": false
        }
    },

    "root": {
        "level": "INFO",
        "handlers": ["console", "info_file_handler", "error_file_handler"]
    }
}